RETURNED_FLAG,ORDER_COD,PRODUCT_COD
true,MX-2014-154571,FUR-BO-10000002
true,US-2014-118612,FUR-BO-10000038
true,ES-2014-5385720,FUR-BO-10000071
true,ES-2011-5032747,FUR-BO-10000148
true,US-2014-125626,FUR-BO-10000175
true,ID-2014-25707,FUR-BO-10000195
true,IN-2013-59160,FUR-BO-10000203
true,ES-2012-1382586,FUR-BO-10000208
true,IN-2012-29228,FUR-BO-10000210
true,US-2012-146801,FUR-BO-10000210
true,MX-2013-160948,FUR-BO-10000243
true,MX-2014-131366,FUR-BO-10000259
true,ID-2011-24160,FUR-BO-10000311
true,CA-2012-130785,FUR-BO-10000330
true,US-2011-121636,FUR-BO-10000490
true,MX-2014-148509,FUR-BO-10000636
true,MX-2013-147844,FUR-BO-10000668
true,MX-2013-111500,FUR-BO-10000712
true,US-2013-130239,FUR-BO-10000791
true,ID-2012-28255,FUR-BO-10000892
true,ES-2011-1276768,FUR-BO-10000895
true,ID-2014-41191,FUR-BO-10001003
true,MX-2011-141467,FUR-BO-10001003
true,ES-2014-2411166,FUR-BO-10001255
true,IN-2013-65068,FUR-BO-10001271
true,ES-2014-1015287,FUR-BO-10001276
true,CA-2011-166744,FUR-BO-10001337
true,ES-2014-4535588,FUR-BO-10001342
true,US-2011-144673,FUR-BO-10001342
true,US-2011-125395,FUR-BO-10001358
true,IN-2012-44509,FUR-BO-10001621
true,ES-2012-5923089,FUR-BO-10001679
true,ID-2013-78795,FUR-BO-10001708
true,ES-2013-3061639,FUR-BO-10001749
true,ID-2011-78592,FUR-BO-10001822
true,IN-2014-54708,FUR-BO-10001822
true,IT-2013-2720003,FUR-BO-10001874
true,ES-2013-4650117,FUR-BO-10001888
true,IN-2014-71956,FUR-BO-10001969
true,MX-2014-169887,FUR-BO-10001969
true,IN-2014-43410,FUR-BO-10002444
true,ES-2013-3093926,FUR-BO-10002510
true,ES-2012-2212320,FUR-BO-10002738
true,MX-2014-162075,FUR-BO-10003185
true,CA-2012-130456,FUR-BO-10003893
true,CA-2011-111871,FUR-BO-10004218
true,IN-2012-85935,FUR-CH-10000042
true,IN-2011-25070,FUR-CH-10000051
true,US-2014-104010,FUR-CH-10000051
true,MX-2013-110135,FUR-CH-10000068
true,IN-2014-28640,FUR-CH-10000068
true,US-2014-167178,FUR-CH-10000068
true,ID-2011-33295,FUR-CH-10000089
true,US-2014-103170,FUR-CH-10000105
true,MX-2014-127733,FUR-CH-10000105
true,IN-2011-52125,FUR-CH-10000110
true,US-2011-158442,FUR-CH-10000110
true,ES-2013-1835691,FUR-CH-10000117
true,ES-2012-4250639,FUR-CH-10000117
true,MX-2013-117415,FUR-CH-10000136
true,IN-2014-17027,FUR-CH-10000171
true,IN-2012-36088,FUR-CH-10000171
true,IN-2013-64977,FUR-CH-10000182
true,IT-2013-3159247,FUR-CH-10000187
true,IT-2013-4864604,FUR-CH-10000187
true,IN-2014-11637,FUR-CH-10000213
true,IN-2012-10986,FUR-CH-10000214
true,CA-2011-157924,FUR-CH-10000229
true,MX-2012-149454,FUR-CH-10000326
true,ES-2014-3380674,FUR-CH-10000326
true,MX-2014-138233,FUR-CH-10000343
true,IN-2014-15676,FUR-CH-10000391
true,IN-2014-77941,FUR-CH-10000430
true,ES-2013-1785128,FUR-CH-10000470
true,IN-2012-35990,FUR-CH-10000488
true,US-2014-146080,FUR-CH-10000528
true,MX-2014-126221,FUR-CH-10000608
true,IN-2014-43039,FUR-CH-10000656
true,MX-2013-111073,FUR-CH-10000666
true,MX-2013-159100,FUR-CH-10000690
true,CA-2012-168564,FUR-CH-10000785
true,IN-2011-64361,FUR-CH-10000788
true,CA-2013-105081,FUR-CH-10000847
true,CA-2013-120873,FUR-CH-10000847
true,US-2014-152744,FUR-CH-10000885
true,MX-2011-136546,FUR-CH-10000966
true,CA-2011-105270,FUR-CH-10000988
true,IT-2014-2277753,FUR-CH-10001039
true,IN-2014-69205,FUR-CH-10001039
true,ES-2011-5201850,FUR-CH-10001130
true,CA-2013-162159,FUR-CH-10001146
true,ES-2014-1193193,FUR-CH-10001153
true,US-2013-162068,FUR-CH-10001203
true,MX-2012-109134,FUR-CH-10001204
true,IN-2011-38965,FUR-CH-10001343
true,IT-2011-4812190,FUR-CH-10001429
true,US-2011-163860,FUR-CH-10001536
true,MX-2013-128027,FUR-CH-10001582
true,IN-2013-12715,FUR-CH-10001634
true,ES-2011-1141056,FUR-CH-10001675
true,US-2012-157224,FUR-CH-10001684
true,MX-2012-104269,FUR-CH-10001784
true,ID-2011-59293,FUR-CH-10002152
true,IN-2013-59454,FUR-CH-10002209
true,ID-2014-35374,FUR-CH-10002297
true,IN-2012-27597,FUR-CH-10002374
true,IT-2013-4962578,FUR-CH-10002417
true,IN-2013-25245,FUR-CH-10002417
true,IN-2013-25112,FUR-CH-10002435
true,IN-2013-13786,FUR-CH-10002727
true,MX-2013-153094,FUR-CH-10002727
true,MX-2014-141922,FUR-CH-10002752
true,CA-2012-113628,FUR-CH-10003298
true,CA-2012-154970,FUR-CH-10003396
true,MX-2012-153325,FUR-CH-10003514
true,CA-2012-110814,FUR-CH-10003535
true,US-2011-167787,FUR-CH-10003540
true,CA-2014-137428,FUR-CH-10003817
true,US-2013-114293,FUR-CH-10003833
true,CA-2012-149650,FUR-CH-10003956
true,CA-2014-123085,FUR-CH-10003968
true,CA-2012-161627,FUR-CH-10003968
true,IN-2012-69870,FUR-CH-10004196
true,CA-2013-113341,FUR-CH-10004698
true,CA-2013-118899,FUR-CH-10004754
true,CA-2013-148796,FUR-CH-10004886
true,CA-2013-116547,FUR-FU-10000076
true,US-2014-143441,FUR-FU-10000142
true,MX-2014-114545,FUR-FU-10000142
true,CA-2014-154214,FUR-FU-10000206
true,ES-2011-4816650,FUR-FU-10000225
true,IN-2014-58607,FUR-FU-10000225
true,IN-2012-69044,FUR-FU-10000225
true,CA-2014-145128,FUR-FU-10000293
true,ID-2012-44173,FUR-FU-10000339
true,MX-2012-105662,FUR-FU-10000339
true,IN-2011-35857,FUR-FU-10000350
true,IN-2014-29767,FUR-FU-10000388
true,ES-2014-1873734,FUR-FU-10000481
true,MX-2014-134222,FUR-FU-10000483
true,IN-2013-14409,FUR-FU-10000483
true,ID-2011-20975,FUR-FU-10000488
true,CA-2013-115917,FUR-FU-10000576
true,ES-2014-2385129,FUR-FU-10000605
true,IT-2011-2861112,FUR-FU-10000674
true,CA-2014-121258,FUR-FU-10000747
true,US-2012-136749,FUR-FU-10000747
true,ES-2014-2042578,FUR-FU-10000816
true,IN-2012-78865,FUR-FU-10000850
true,ES-2014-2504689,FUR-FU-10000885
true,MX-2014-158589,FUR-FU-10000936
true,US-2013-159660,FUR-FU-10001130
true,IN-2014-30649,FUR-FU-10001351
true,MX-2014-117240,FUR-FU-10001351
true,ES-2011-5263174,FUR-FU-10001438
true,CA-2012-105158,FUR-FU-10001706
true,CA-2014-101574,FUR-FU-10001706
true,US-2014-118087,FUR-FU-10001867
true,CA-2011-102652,FUR-FU-10001918
true,CA-2012-114048,FUR-FU-10001940
true,CA-2013-130638,FUR-FU-10002116
true,IN-2011-56738,FUR-FU-10002210
true,CA-2011-124688,FUR-FU-10002456
true,IN-2013-27828,FUR-FU-10002614
true,ID-2011-27779,FUR-FU-10002614
true,CA-2012-149342,FUR-FU-10002937
true,US-2011-138758,FUR-FU-10003039
true,ES-2012-1721838,FUR-FU-10003325
true,CA-2013-133368,FUR-FU-10003374
true,CA-2014-140053,FUR-FU-10003708
true,CA-2012-156440,FUR-FU-10004090
true,CA-2012-123568,FUR-FU-10004090
true,CA-2014-130631,FUR-FU-10004093
true,CA-2012-134075,FUR-FU-10004597
true,CA-2014-161557,FUR-FU-10004622
true,CA-2013-157280,FUR-FU-10004665
true,US-2014-105046,FUR-FU-10004848
true,MX-2011-147039,FUR-TA-10000317
true,ES-2012-5645358,FUR-TA-10000591
true,CA-2011-135657,FUR-TA-10001039
true,CA-2014-109085,FUR-TA-10001086
true,CA-2014-167003,FUR-TA-10001520
true,CA-2014-117513,FUR-TA-10001520
true,CA-2013-126732,FUR-TA-10001539
true,US-2014-123834,FUR-TA-10001676
true,ES-2011-4359424,FUR-TA-10001693
true,CA-2012-141593,FUR-TA-10002622
true,US-2012-126214,FUR-TA-10003748
true,CA-2011-159338,FUR-TA-10004147
true,CA-2011-133690,FUR-TA-10004289
true,CA-2014-166142,FUR-TA-10004607
true,CA-2014-142888,FUR-TA-10004767
true,CA-2011-108609,FUR-TA-10004915
true,CA-2012-101910,FUR-TA-10004915
true,ID-2014-56752,OFF-AP-10000003
true,US-2013-167129,OFF-AP-10000023
true,ID-2014-16474,OFF-AP-10000119
true,ES-2014-2933395,OFF-AP-10000136
true,US-2012-148880,OFF-AP-10000136
true,CA-2013-106950,OFF-AP-10000159
true,IT-2014-5465876,OFF-AP-10000162
true,ES-2014-2783426,OFF-AP-10000263
true,ES-2012-1211902,OFF-AP-10000330
true,IN-2012-69072,OFF-AP-10000335
true,ES-2013-3927096,OFF-AP-10000344
true,CA-2014-122007,OFF-AP-10000358
true,IT-2013-4869515,OFF-AP-10000382
true,US-2013-144057,OFF-AP-10000390
true,MX-2013-115805,OFF-AP-10000407
true,MX-2013-135916,OFF-AP-10000667
true,IN-2014-58460,OFF-AP-10000675
true,MX-2012-111178,OFF-AP-10000675
true,CA-2014-132346,OFF-AP-10000696
true,ES-2013-4184078,OFF-AP-10000802
true,CA-2014-101273,OFF-AP-10000804
true,MX-2012-119907,OFF-AP-10000900
true,MX-2014-103149,OFF-AP-10000916
true,US-2014-160745,OFF-AP-10000934
true,IT-2014-5517515,OFF-AP-10001138
true,IT-2012-3613157,OFF-AP-10001191
true,ID-2011-50655,OFF-AP-10001233
true,IN-2011-40568,OFF-AP-10001233
true,CA-2014-161956,OFF-AP-10001242
true,IN-2011-36074,OFF-AP-10001254
true,MX-2012-159646,OFF-AP-10001298
true,CA-2013-138282,OFF-AP-10001366
true,CA-2014-169327,OFF-AP-10001492
true,IN-2012-80370,OFF-AP-10001565
true,IN-2014-14003,OFF-AP-10001776
true,MX-2012-166730,OFF-AP-10001847
true,IT-2013-3468927,OFF-AP-10001847
true,ES-2012-5959969,OFF-AP-10001905
true,MX-2014-102246,OFF-AP-10002017
true,IN-2014-43571,OFF-AP-10002057
true,CA-2012-111948,OFF-AP-10002311
true,ID-2014-71403,OFF-AP-10002317
true,US-2014-103828,OFF-AP-10002321
true,CA-2013-114307,OFF-AP-10002350
true,CA-2014-117926,OFF-AP-10002670
true,IN-2012-19995,OFF-AP-10002697
true,CA-2011-160766,OFF-AP-10002945
true,MX-2012-104423,OFF-AP-10002963
true,CA-2014-162012,OFF-AP-10003040
true,ES-2013-2645491,OFF-AP-10003184
true,IN-2014-57683,OFF-AP-10003354
true,CA-2013-145492,OFF-AP-10003622
true,ES-2014-4505254,OFF-AR-10000019
true,ES-2014-5513140,OFF-AR-10000027
true,IN-2011-50361,OFF-AR-10000054
true,MX-2014-130694,OFF-AR-10000066
true,MX-2011-146479,OFF-AR-10000067
true,IN-2014-60476,OFF-AR-10000079
true,ES-2012-2223096,OFF-AR-10000097
true,ES-2013-3988133,OFF-AR-10000120
true,ES-2013-1727818,OFF-AR-10000125
true,ES-2012-4193401,OFF-AR-10000150
true,ES-2013-2406661,OFF-AR-10000150
true,ES-2014-5368780,OFF-AR-10000179
true,ES-2014-5247585,OFF-AR-10000179
true,ES-2012-3679676,OFF-AR-10000185
true,US-2014-109253,OFF-AR-10000203
true,CA-2014-129707,OFF-AR-10000246
true,ES-2013-3007238,OFF-AR-10000266
true,MX-2014-142874,OFF-AR-10000266
true,IN-2012-39336,OFF-AR-10000266
true,MX-2011-157539,OFF-AR-10000307
true,ES-2011-3864297,OFF-AR-10000314
true,ES-2012-2280466,OFF-AR-10000347
true,ES-2014-4147581,OFF-AR-10000347
true,ES-2014-1620754,OFF-AR-10000347
true,ES-2013-5106699,OFF-AR-10000401
true,US-2011-119935,OFF-AR-10000401
true,ES-2014-5835827,OFF-AR-10000409
true,ES-2013-3323529,OFF-AR-10000465
true,ID-2012-21563,OFF-AR-10000467
true,ES-2012-5944655,OFF-AR-10000491
true,ES-2013-1874583,OFF-AR-10000603
true,CA-2012-103716,OFF-AR-10000658
true,US-2013-122917,OFF-AR-10000703
true,ES-2011-4694484,OFF-AR-10000720
true,MX-2014-135706,OFF-AR-10000727
true,ES-2012-1845274,OFF-AR-10000729
true,ES-2014-2731678,OFF-AR-10000729
true,IT-2013-1498487,OFF-AR-10000812
true,IN-2013-49318,OFF-AR-10000851
true,CA-2013-136483,OFF-AR-10000940
true,MX-2011-131478,OFF-AR-10000974
true,ES-2013-1795340,OFF-AR-10000974
true,ES-2013-4116050,OFF-AR-10001030
true,CA-2012-168480,OFF-AR-10001044
true,ES-2012-5897153,OFF-AR-10001053
true,ES-2012-3075381,OFF-AR-10001053
true,ES-2012-2270219,OFF-AR-10001053
true,MX-2011-162488,OFF-AR-10001134
true,CA-2013-104689,OFF-AR-10001149
true,IT-2012-3986604,OFF-AR-10001190
true,CA-2014-112725,OFF-AR-10001227
true,CA-2012-150770,OFF-AR-10001246
true,ES-2011-1868803,OFF-AR-10001266
true,ES-2014-1012006,OFF-AR-10001269
true,ES-2012-4840257,OFF-AR-10001336
true,ES-2013-1713812,OFF-AR-10001482
true,IN-2014-39371,OFF-AR-10001607
true,CA-2012-132374,OFF-AR-10001615
true,ES-2011-3366039,OFF-AR-10001645
true,ES-2014-3277356,OFF-AR-10001672
true,MX-2011-128356,OFF-AR-10001694
true,IN-2013-55639,OFF-AR-10001720
true,ID-2011-55142,OFF-AR-10001759
true,MX-2014-149881,OFF-AR-10001898
true,ES-2014-1197792,OFF-AR-10001898
true,CA-2014-138163,OFF-AR-10001958
true,CA-2014-136539,OFF-AR-10001958
true,IT-2011-4913414,OFF-AR-10002109
true,US-2013-131149,OFF-AR-10002135
true,MX-2012-142090,OFF-AR-10002340
true,IN-2014-75855,OFF-AR-10002340
true,US-2014-151127,OFF-AR-10002445
true,ES-2012-3327222,OFF-AR-10002710
true,CA-2014-156391,OFF-AR-10002766
true,US-2013-140172,OFF-AR-10002766
true,CA-2012-134201,OFF-AR-10002804
true,CA-2011-123253,OFF-AR-10002804
true,MX-2014-145429,OFF-AR-10003110
true,IN-2014-38006,OFF-AR-10003336
true,MX-2014-111899,OFF-AR-10003448
true,CA-2011-116785,OFF-AR-10003504
true,CA-2011-126522,OFF-AR-10004042
true,ES-2013-2491395,OFF-BI-10000006
true,MX-2011-114685,OFF-BI-10000029
true,ID-2014-68505,OFF-BI-10000029
true,IN-2014-62338,OFF-BI-10000042
true,IN-2012-75134,OFF-BI-10000042
true,US-2012-169712,OFF-BI-10000081
true,ES-2013-2048769,OFF-BI-10000168
true,ES-2014-1006059,OFF-BI-10000168
true,ES-2013-3159008,OFF-BI-10000171
true,IN-2013-19400,OFF-BI-10000171
true,ES-2014-4626156,OFF-BI-10000185
true,IN-2011-33183,OFF-BI-10000206
true,IN-2014-51985,OFF-BI-10000206
true,ES-2011-2835499,OFF-BI-10000312
true,IT-2011-2536577,OFF-BI-10000359
true,ES-2013-2091965,OFF-BI-10000389
true,IT-2014-5470294,OFF-BI-10000389
true,ID-2011-23068,OFF-BI-10000389
true,ID-2011-75652,OFF-BI-10000490
true,MX-2011-132815,OFF-BI-10000501
true,MX-2013-137610,OFF-BI-10000518
true,CA-2012-116092,OFF-BI-10000546
true,IN-2013-47911,OFF-BI-10000583
true,MX-2014-160857,OFF-BI-10000590
true,CA-2011-123498,OFF-BI-10000632
true,CA-2014-137085,OFF-BI-10000632
true,MX-2014-125332,OFF-BI-10000725
true,US-2014-167500,OFF-BI-10000769
true,ES-2012-2680511,OFF-BI-10000813
true,MX-2013-141159,OFF-BI-10000814
true,US-2013-105578,OFF-BI-10000831
true,IN-2012-41261,OFF-BI-10000844
true,MX-2011-127670,OFF-BI-10000844
true,US-2012-110569,OFF-BI-10001036
true,CA-2013-112123,OFF-BI-10001071
true,ES-2013-2639112,OFF-BI-10001279
true,MX-2013-117856,OFF-BI-10001384
true,CA-2013-111682,OFF-BI-10001460
true,CA-2014-134194,OFF-BI-10001597
true,CA-2012-119907,OFF-BI-10001765
true,CA-2012-146255,OFF-BI-10001765
true,ID-2011-72096,OFF-BI-10001808
true,ES-2011-3654318,OFF-BI-10001808
true,MX-2011-120719,OFF-BI-10001843
true,MX-2011-108077,OFF-BI-10001843
true,CA-2014-101805,OFF-BI-10002003
true,CA-2012-140984,OFF-BI-10002012
true,CA-2014-145772,OFF-BI-10002049
true,CA-2014-150609,OFF-BI-10002071
true,CA-2014-156958,OFF-BI-10002071
true,CA-2012-143602,OFF-BI-10002071
true,US-2014-147998,OFF-BI-10002082
true,CA-2014-118122,OFF-BI-10002103
true,CA-2014-115427,OFF-BI-10002103
true,US-2012-113754,OFF-BI-10002190
true,CA-2012-107678,OFF-BI-10002215
true,ES-2014-2979530,OFF-BI-10002225
true,CA-2012-149636,OFF-BI-10002764
true,CA-2014-165008,OFF-BI-10002794
true,CA-2013-159023,OFF-BI-10002813
true,IN-2014-51607,OFF-BI-10003124
true,CA-2013-133802,OFF-BI-10003291
true,CA-2011-110786,OFF-BI-10003305
true,CA-2011-153150,OFF-BI-10003355
true,CA-2014-140585,OFF-BI-10003364
true,CA-2014-140186,OFF-BI-10003364
true,IN-2012-83380,OFF-BI-10003503
true,IN-2012-70073,OFF-BI-10003503
true,CA-2014-136651,OFF-BI-10003638
true,CA-2011-151162,OFF-BI-10003719
true,CA-2011-108861,OFF-BI-10003876
true,CA-2013-168921,OFF-BI-10004209
true,CA-2014-169894,OFF-BI-10004230
true,CA-2011-109918,OFF-BI-10004308
true,US-2013-115952,OFF-BI-10004654
true,US-2013-152051,OFF-BI-10004781
true,CA-2013-142398,OFF-BI-10004826
true,CA-2014-159954,OFF-BI-10004876
true,CA-2014-108294,OFF-BI-10004965
true,CA-2013-114727,OFF-BI-10004967
true,CA-2013-124527,OFF-BI-10004967
true,ID-2013-64060,OFF-EN-10000075
true,MX-2013-125696,OFF-EN-10000219
true,IN-2011-62331,OFF-EN-10000219
true,ID-2014-86033,OFF-EN-10000251
true,IN-2013-18175,OFF-EN-10000251
true,ES-2012-3631542,OFF-EN-10000274
true,MX-2012-156720,OFF-EN-10000353
true,MX-2012-150910,OFF-EN-10000378
true,CA-2014-169859,OFF-EN-10000461
true,US-2014-159485,OFF-EN-10000507
true,US-2013-167850,OFF-EN-10000615
true,IN-2012-44810,OFF-EN-10000648
true,ES-2014-1526550,OFF-EN-10000826
true,ES-2012-1439531,OFF-EN-10000897
true,ES-2013-3285003,OFF-EN-10000947
true,CA-2014-166093,OFF-EN-10001028
true,CA-2014-101700,OFF-EN-10001028
true,IN-2014-68337,OFF-EN-10001044
true,ES-2013-1525878,OFF-EN-10001162
true,IT-2014-4273010,OFF-EN-10001202
true,ES-2014-4079805,OFF-EN-10001202
true,IN-2014-17160,OFF-EN-10001202
true,ES-2013-3570218,OFF-EN-10001311
true,MX-2012-115945,OFF-EN-10001443
true,IN-2012-63934,OFF-EN-10001533
true,ES-2014-3424970,OFF-EN-10001538
true,ES-2012-4485887,OFF-EN-10001616
true,MX-2013-123386,OFF-EN-10001958
true,ES-2011-3108517,OFF-EN-10002066
true,MX-2011-133627,OFF-EN-10002096
true,IN-2014-30173,OFF-EN-10002096
true,CA-2013-159212,OFF-EN-10002230
true,ES-2012-2431083,OFF-EN-10002410
true,US-2013-152667,OFF-EN-10002410
true,IN-2014-35346,OFF-EN-10002434
true,MX-2012-101021,OFF-EN-10002896
true,CA-2014-143084,OFF-EN-10003072
true,ES-2014-4359397,OFF-EN-10003111
true,IN-2013-48184,OFF-EN-10003632
true,MX-2011-126592,OFF-FA-10000027
true,ID-2011-49031,OFF-FA-10000059
true,ID-2013-74357,OFF-FA-10000091
true,US-2014-169852,OFF-FA-10000091
true,ES-2014-2557751,OFF-FA-10000146
true,ES-2014-4616921,OFF-FA-10000146
true,ES-2013-3877962,OFF-FA-10000154
true,ES-2014-1398657,OFF-FA-10000189
true,MX-2012-142664,OFF-FA-10000191
true,MX-2013-101210,OFF-FA-10000191
true,IN-2014-68008,OFF-FA-10000194
true,MX-2013-121545,OFF-FA-10000194
true,IN-2014-25637,OFF-FA-10000227
true,IN-2012-28493,OFF-FA-10000227
true,ES-2012-4007496,OFF-FA-10000263
true,IN-2011-63808,OFF-FA-10000300
true,MX-2013-147634,OFF-FA-10000349
true,ID-2013-36312,OFF-FA-10000439
true,ES-2013-5881573,OFF-FA-10000439
true,ES-2013-1072619,OFF-FA-10000455
true,IN-2011-58341,OFF-FA-10000455
true,IN-2012-32882,OFF-FA-10000467
true,ES-2014-2228032,OFF-FA-10000467
true,MX-2012-159674,OFF-FA-10000475
true,ES-2014-2524646,OFF-FA-10000487
true,MX-2013-163797,OFF-FA-10000487
true,IN-2014-16929,OFF-FA-10000581
true,US-2012-155831,OFF-FA-10000581
true,IN-2014-46007,OFF-FA-10000700
true,CA-2014-131807,OFF-FA-10000735
true,MX-2012-133732,OFF-FA-10000799
true,CA-2011-142769,OFF-FA-10000840
true,ES-2012-5238758,OFF-FA-10000907
true,ID-2011-22011,OFF-FA-10001029
true,MX-2014-121377,OFF-FA-10001082
true,IT-2013-2280110,OFF-FA-10001563
true,IN-2013-64578,OFF-FA-10001698
true,ES-2012-3246286,OFF-FA-10001698
true,ID-2014-45580,OFF-FA-10001698
true,IT-2011-4648014,OFF-FA-10002268
true,CA-2013-151323,OFF-FA-10002983
true,CA-2013-105291,OFF-FA-10003059
true,CA-2011-148950,OFF-FA-10003059
true,CA-2011-127012,OFF-FA-10004854
true,MX-2013-128440,OFF-LA-10000039
true,ES-2012-2376426,OFF-LA-10000073
true,IN-2014-23481,OFF-LA-10000157
true,IT-2013-3132916,OFF-LA-10000321
true,MX-2014-148285,OFF-LA-10000341
true,IN-2012-16845,OFF-LA-10000356
true,MX-2013-103492,OFF-LA-10000404
true,CA-2013-145261,OFF-LA-10000407
true,ES-2014-4401602,OFF-LA-10000436
true,CA-2012-112144,OFF-LA-10000443
true,IN-2013-41198,OFF-LA-10000536
true,IN-2012-52657,OFF-LA-10000590
true,ID-2013-34051,OFF-LA-10000765
true,IN-2012-45972,OFF-LA-10000989
true,CA-2014-135692,OFF-LA-10001158
true,ES-2014-5891109,OFF-LA-10001541
true,CA-2014-131492,OFF-LA-10001641
true,ES-2012-4717022,OFF-LA-10001701
true,MX-2014-143595,OFF-LA-10002020
true,CA-2014-154949,OFF-LA-10002034
true,US-2013-148957,OFF-LA-10002195
true,ES-2013-5685466,OFF-LA-10002364
true,IT-2012-5711400,OFF-LA-10002650
true,CA-2011-103744,OFF-LA-10004425
true,CA-2014-144064,OFF-LA-10004544
true,IN-2013-33204,OFF-PA-10000032
true,MX-2014-165694,OFF-PA-10000081
true,ES-2012-3697227,OFF-PA-10000091
true,MX-2011-155572,OFF-PA-10000098
true,CA-2012-144267,OFF-PA-10000157
true,US-2011-164406,OFF-PA-10000167
true,US-2014-123484,OFF-PA-10000194
true,US-2014-147886,OFF-PA-10000232
true,CA-2013-165330,OFF-PA-10000241
true,US-2013-119046,OFF-PA-10000246
true,CA-2013-109806,OFF-PA-10000304
true,CA-2014-142328,OFF-PA-10000380
true,CA-2011-141726,OFF-PA-10000418
true,CA-2012-142601,OFF-PA-10000483
true,CA-2011-123225,OFF-PA-10000552
true,CA-2011-164721,OFF-PA-10000575
true,CA-2014-113670,OFF-PA-10000675
true,CA-2013-145982,OFF-PA-10000675
true,ES-2014-1651774,OFF-PA-10000752
true,ES-2014-5822421,OFF-PA-10000776
true,MX-2014-103478,OFF-PA-10000776
true,CA-2013-159345,OFF-PA-10000806
true,CA-2011-126361,OFF-PA-10000806
true,IN-2014-62275,OFF-PA-10000878
true,MX-2011-156755,OFF-PA-10001275
true,US-2012-137008,OFF-PA-10001295
true,MX-2012-122553,OFF-PA-10001327
true,MX-2014-130309,OFF-PA-10001620
true,ES-2014-5621218,OFF-PA-10001620
true,MX-2012-125808,OFF-PA-10001686
true,ES-2014-1627638,OFF-PA-10001722
true,IN-2011-30894,OFF-PA-10001733
true,ID-2013-48709,OFF-PA-10001736
true,CA-2013-133319,OFF-PA-10001815
true,CA-2014-147452,OFF-PA-10001838
true,CA-2013-128671,OFF-PA-10001870
true,CA-2013-112340,OFF-PA-10001892
true,CA-2014-131618,OFF-PA-10001892
true,CA-2013-152814,OFF-PA-10001970
true,MX-2012-126606,OFF-PA-10001971
true,US-2013-156986,OFF-PA-10002005
true,MX-2014-168536,OFF-PA-10002022
true,CA-2014-112753,OFF-PA-10002036
true,CA-2014-168193,OFF-PA-10002254
true,CA-2014-166898,OFF-PA-10002262
true,US-2013-108455,OFF-PA-10002262
true,IN-2013-69128,OFF-PA-10002514
true,MX-2013-143301,OFF-PA-10002514
true,MX-2014-103919,OFF-PA-10002539
true,CA-2012-119214,OFF-PA-10002893
true,CA-2011-148614,OFF-PA-10002893
true,CA-2013-123526,OFF-PA-10002986
true,CA-2012-153220,OFF-PA-10003016
true,CA-2011-104829,OFF-PA-10003016
true,US-2011-164763,OFF-PA-10003063
true,CA-2013-145919,OFF-PA-10003072
true,CA-2014-157196,OFF-PA-10003172
true,US-2012-160857,OFF-PA-10003363
true,CA-2013-105585,OFF-PA-10003625
true,CA-2014-121853,OFF-PA-10003641
true,CA-2014-111556,OFF-PA-10003651
true,CA-2014-108931,OFF-PA-10003845
true,IT-2013-3395178,OFF-PA-10003899
true,CA-2012-169397,OFF-PA-10004000
true,US-2011-143287,OFF-PA-10004039
true,CA-2011-100762,OFF-PA-10004082
true,CA-2012-109736,OFF-PA-10004101
true,ES-2014-1703772,OFF-PA-10004185
true,ID-2013-74875,OFF-PA-10004185
true,CA-2013-151372,OFF-PA-10004381
true,ES-2012-4079399,OFF-PA-10004411
true,CA-2011-135699,OFF-PA-10004475
true,CA-2014-142342,OFF-PA-10004609
true,CA-2014-142867,OFF-PA-10004610
true,CA-2011-126403,OFF-PA-10004665
true,CA-2013-134775,OFF-PA-10004734
true,CA-2014-118542,OFF-PA-10004735
true,CA-2014-128965,OFF-PA-10004911
true,ES-2013-5911126,OFF-ST-10000035
true,IN-2011-85284,OFF-ST-10000210
true,CA-2014-153822,OFF-ST-10000321
true,ES-2013-2335535,OFF-ST-10000378
true,ES-2011-1137137,OFF-ST-10000430
true,CA-2014-152660,OFF-ST-10000532
true,IN-2014-18441,OFF-ST-10000557
true,CA-2013-139269,OFF-ST-10000689
true,CA-2014-107825,OFF-ST-10000777
true,IN-2012-33918,OFF-ST-10000794
true,CA-2012-135580,OFF-ST-10000798
true,ES-2013-4375143,OFF-ST-10000836
true,US-2013-114230,OFF-ST-10000876
true,ES-2013-2603153,OFF-ST-10001066
true,MX-2012-161704,OFF-ST-10001326
true,IN-2012-26757,OFF-ST-10001326
true,IT-2013-4354136,OFF-ST-10001478
true,MX-2014-105641,OFF-ST-10001478
true,US-2013-111528,OFF-ST-10001526
true,US-2013-151379,OFF-ST-10001576
true,IN-2014-66573,OFF-ST-10001752
true,US-2013-135720,OFF-ST-10001963
true,CA-2011-127131,OFF-ST-10002344
true,CA-2014-154074,OFF-ST-10002370
true,ES-2013-4429605,OFF-ST-10002399
true,CA-2012-162166,OFF-ST-10002486
true,CA-2013-130477,OFF-ST-10002583
true,CA-2013-161746,OFF-ST-10002743
true,CA-2011-152345,OFF-ST-10003123
true,ID-2014-17475,OFF-ST-10003295
true,CA-2014-103380,OFF-ST-10003442
true,CA-2011-103940,OFF-ST-10004963
true,CA-2012-151547,OFF-SU-10000898
true,CA-2014-167395,OFF-SU-10000946
true,CA-2013-145583,OFF-SU-10001218
true,CA-2012-132941,OFF-SU-10002557
true,CA-2014-158729,OFF-SU-10002881
true,CA-2013-109869,OFF-SU-10003505
true,CA-2013-118500,OFF-SU-10004231
true,CA-2012-164882,OFF-SU-10004231
true,CA-2014-155712,OFF-SU-10004884
true,CA-2011-164861,OFF-SU-10004884
true,IT-2013-1665440,TEC-AC-10000007
true,MX-2011-157000,TEC-AC-10000025
true,ID-2013-72362,TEC-AC-10000089
true,MX-2013-137729,TEC-AC-10000089
true,MX-2013-141901,TEC-AC-10000097
true,ES-2014-5762425,TEC-AC-10000110
true,MX-2013-131660,TEC-AC-10000110
true,MX-2012-147977,TEC-AC-10000110
true,IN-2011-53203,TEC-AC-10000111
true,MX-2012-125283,TEC-AC-10000170
true,CA-2012-157812,TEC-AC-10000171
true,ES-2014-1734818,TEC-AC-10000212
true,IN-2012-59391,TEC-AC-10000218
true,MX-2013-121160,TEC-AC-10000218
true,MX-2013-118402,TEC-AC-10000221
true,ID-2011-20989,TEC-AC-10000263
true,ID-2013-41968,TEC-AC-10000264
true,IN-2012-44691,TEC-AC-10000317
true,US-2014-107524,TEC-AC-10000332
true,IN-2013-84584,TEC-AC-10000336
true,MX-2011-124170,TEC-AC-10000342
true,CA-2014-165491,TEC-AC-10000358
true,CA-2012-138674,TEC-AC-10000358
true,CA-2014-112865,TEC-AC-10000387
true,ES-2013-5246151,TEC-AC-10000420
true,ES-2013-5648133,TEC-AC-10000462
true,MX-2012-154179,TEC-AC-10000499
true,MX-2012-113817,TEC-AC-10000501
true,IN-2014-46595,TEC-AC-10000530
true,CA-2014-115994,TEC-AC-10000580
true,MX-2011-105298,TEC-AC-10000596
true,IN-2012-25371,TEC-AC-10000633
true,IN-2011-14017,TEC-AC-10000639
true,MX-2012-112662,TEC-AC-10000642
true,IN-2013-53140,TEC-AC-10000657
true,IN-2011-86278,TEC-AC-10000763
true,IN-2013-21003,TEC-AC-10000815
true,MX-2013-126144,TEC-AC-10000815
true,MX-2011-127089,TEC-AC-10000827
true,MX-2013-168123,TEC-AC-10000827
true,MX-2011-145884,TEC-AC-10000860
true,ID-2013-51446,TEC-AC-10000866
true,ES-2013-3547323,TEC-AC-10000883
true,MX-2013-167913,TEC-AC-10000887
true,CA-2013-118311,TEC-AC-10000892
true,CA-2014-150910,TEC-AC-10001013
true,MX-2014-164434,TEC-AC-10001075
true,MX-2014-108973,TEC-AC-10001076
true,ES-2013-1093488,TEC-AC-10001089
true,ID-2013-67693,TEC-AC-10001172
true,ES-2012-2102738,TEC-AC-10001172
true,ES-2013-1217902,TEC-AC-10001274
true,IN-2012-52524,TEC-AC-10001352
true,IN-2014-71907,TEC-AC-10001352
true,MX-2013-134194,TEC-AC-10001402
true,ES-2013-5259588,TEC-AC-10001402
true,ES-2014-3730302,TEC-AC-10001407
true,IN-2014-19911,TEC-AC-10001438
true,IN-2014-54995,TEC-AC-10001438
true,CA-2014-100111,TEC-AC-10001465
true,CA-2011-140816,TEC-AC-10001539
true,CA-2012-157770,TEC-AC-10001552
true,US-2013-157490,TEC-AC-10001553
true,CA-2012-155761,TEC-AC-10001606
true,ES-2013-5734148,TEC-AC-10001639
true,IN-2013-38174,TEC-AC-10001639
true,IN-2013-20548,TEC-AC-10001639
true,MX-2013-134831,TEC-AC-10001705
true,MX-2012-149832,TEC-AC-10001745
true,CA-2014-102519,TEC-AC-10001772
true,CA-2013-166275,TEC-AC-10001838
true,CA-2013-162138,TEC-AC-10001908
true,IN-2014-17615,TEC-AC-10001995
true,MX-2013-110828,TEC-AC-10002017
true,CA-2012-146486,TEC-AC-10002018
true,IN-2012-13772,TEC-AC-10002025
true,ID-2014-33680,TEC-AC-10002025
true,CA-2011-169019,TEC-AC-10002076
true,IN-2012-49864,TEC-AC-10002086
true,CA-2013-134803,TEC-AC-10002217
true,MX-2012-106229,TEC-AC-10002218
true,IN-2014-84948,TEC-AC-10002522
true,US-2011-150574,TEC-AC-10002600
true,ID-2013-23495,TEC-AC-10002756
true,US-2013-127425,TEC-AC-10002800
true,CA-2014-124401,TEC-AC-10002926
true,MX-2013-168228,TEC-AC-10002996
true,CA-2014-122504,TEC-AC-10003289
true,US-2013-151827,TEC-AC-10003289
true,CA-2012-143238,TEC-AC-10003499
true,MX-2013-150140,TEC-AC-10003615
true,ES-2014-2851130,TEC-AC-10003615
true,CA-2013-116736,TEC-AC-10003628
true,CA-2012-148873,TEC-AC-10003657
true,CA-2012-139731,TEC-AC-10004975
true,ES-2012-4844965,TEC-CO-10000011
true,ES-2014-4442693,TEC-CO-10000051
true,IN-2014-41814,TEC-CO-10000135
true,ES-2013-3078948,TEC-CO-10000222
true,ES-2013-2638509,TEC-CO-10000259
true,MX-2012-148054,TEC-CO-10000269
true,IN-2014-10979,TEC-CO-10000279
true,ES-2014-3638264,TEC-CO-10000338
true,IN-2012-48744,TEC-CO-10000338
true,MX-2012-113768,TEC-CO-10000344
true,US-2012-115196,TEC-CO-10000407
true,IN-2012-56682,TEC-CO-10000407
true,ES-2014-2901069,TEC-CO-10000407
true,IN-2014-44719,TEC-CO-10000407
true,MX-2013-118038,TEC-CO-10000407
true,MX-2014-165575,TEC-CO-10000562
true,ES-2013-1925248,TEC-CO-10000562
true,IN-2011-76758,TEC-CO-10000562
true,ID-2014-39084,TEC-CO-10000666
true,IN-2013-51775,TEC-CO-10000791
true,IN-2012-44194,TEC-CO-10000956
true,ES-2012-4286133,TEC-CO-10000956
true,ES-2013-2339975,TEC-CO-10001001
true,ES-2013-3425110,TEC-CO-10001093
true,ES-2014-2638373,TEC-CO-10001191
true,ES-2013-5239444,TEC-CO-10001382
true,ID-2013-29662,TEC-CO-10001628
true,MX-2013-167213,TEC-CO-10001726
true,MX-2012-133165,TEC-CO-10001846
true,US-2012-136987,TEC-CO-10001943
true,ES-2014-5275437,TEC-CO-10003048
true,MX-2011-147816,TEC-CO-10003048
true,CA-2014-140151,TEC-CO-10004722
true,IN-2014-66062,TEC-MA-10000154
true,ES-2013-4569090,TEC-MA-10000170
true,IT-2014-1082723,TEC-MA-10000170
true,ES-2011-3249098,TEC-MA-10000240
true,CA-2014-136308,TEC-MA-10000488
true,ES-2011-5273102,TEC-MA-10000684
true,IN-2011-59013,TEC-MA-10000755
true,IN-2014-47799,TEC-MA-10000755
true,MX-2011-121671,TEC-MA-10000858
true,CA-2012-146262,TEC-MA-10000864
true,IN-2011-33890,TEC-MA-10001210
true,ES-2011-5118812,TEC-MA-10001302
true,ES-2013-4009230,TEC-MA-10001308
true,ES-2011-4351366,TEC-MA-10002149
true,MX-2014-142643,TEC-MA-10002263
true,US-2011-105137,TEC-MA-10002694
true,CA-2014-137414,TEC-MA-10002930
true,CA-2013-147375,TEC-MA-10002937
true,ES-2014-1178010,TEC-MA-10003084
true,IN-2012-23089,TEC-MA-10003330
true,IN-2014-50158,TEC-MA-10003486
true,ES-2013-4897406,TEC-MA-10003704
true,CA-2013-126529,TEC-PH-10000148
true,MX-2013-101077,TEC-PH-10000303
true,IN-2014-73447,TEC-PH-10000303
true,IN-2012-66531,TEC-PH-10000303
true,US-2011-140452,TEC-PH-10000307
true,US-2014-155999,TEC-PH-10000439
true,CA-2011-156349,TEC-PH-10000441
true,CA-2014-119284,TEC-PH-10000560
true,CA-2012-143490,TEC-PH-10000576
true,IT-2013-3253363,TEC-PH-10000599
true,ES-2014-1224526,TEC-PH-10000599
true,MX-2011-106390,TEC-PH-10001070
true,CA-2012-150875,TEC-PH-10001254
true,MX-2013-112956,TEC-PH-10001651
true,ES-2011-1443340,TEC-PH-10001651
true,CA-2011-134726,TEC-PH-10001750
true,CA-2014-127306,TEC-PH-10001924
true,CA-2014-140963,TEC-PH-10001924
true,CA-2011-143336,TEC-PH-10001949
true,ES-2012-2088434,TEC-PH-10002119
true,MX-2014-107279,TEC-PH-10002119
true,ES-2012-4662036,TEC-PH-10002119
true,CA-2014-141929,TEC-PH-10002185
true,CA-2013-136924,TEC-PH-10002262
true,CA-2014-137099,TEC-PH-10002496
true,US-2012-128090,TEC-PH-10002624
true,CA-2011-103373,TEC-PH-10002885
true,CA-2013-150077,TEC-PH-10002890
true,CA-2014-131828,TEC-PH-10002923
true,IT-2011-2911544,TEC-PH-10003153
true,CA-2013-167759,TEC-PH-10003171
true,CA-2011-143840,TEC-PH-10003171
true,US-2014-107888,TEC-PH-10003171
true,CA-2014-123491,TEC-PH-10003505
true,US-2014-103247,TEC-PH-10003555
true,CA-2012-104129,TEC-PH-10003800
true,CA-2014-161459,TEC-PH-10004071
true,CA-2014-117212,TEC-PH-10004447
true,CA-2011-160773,TEC-PH-10004586
true,CA-2012-124058,TEC-PH-10004774
true,CA-2013-130680,TEC-PH-10004833
true,CA-2011-100867,TEC-PH-10004922
true,ID-2012-13982,FUR-ADV-10000002
true,ES-2014-4472745,FUR-ADV-10000183
true,ID-2014-56339,FUR-ADV-10000188
true,IN-2013-22571,FUR-ADV-10000600
true,IT-2014-1147467,FUR-ADV-10001283
true,MX-2011-108749,FUR-ADV-10002329
true,MX-2014-117744,FUR-ADV-10002329
true,ID-2013-68498,FUR-ADV-10002329
true,IN-2012-75211,FUR-ADV-10002329
true,MX-2012-158022,FUR-ADV-10002329
true,IN-2014-61932,FUR-ADV-10002601
true,US-2011-137673,FUR-ADV-10004718
true,ID-2013-52643,FUR-BAR-10004553
true,MX-2012-160388,FUR-BAR-10004682
true,ES-2011-5803751,FUR-DEF-10000572
true,IN-2011-31020,FUR-DEF-10000622
true,MX-2012-105424,FUR-DEF-10000622
true,ES-2013-5002349,FUR-DEF-10000720
true,ID-2012-62345,FUR-DEF-10000810
true,ID-2012-72453,FUR-DEF-10002814
true,ES-2014-4967939,FUR-DEF-10002865
true,IN-2013-35304,FUR-DEF-10003315
true,MX-2014-151134,FUR-DEF-10004555
true,IN-2011-23789,FUR-ELD-10000335
true,IT-2014-2508683,FUR-ELD-10000605
true,IN-2014-84353,FUR-ELD-10000605
true,IN-2014-31790,FUR-ELD-10000857
true,IN-2012-30572,FUR-ELD-10000857
true,MX-2014-135328,FUR-ELD-10000963
true,MX-2011-169467,FUR-ELD-10001413
true,MX-2014-111633,FUR-ELD-10002511
true,IT-2013-3060899,FUR-ELD-10003131
true,IT-2012-1180980,FUR-ELD-10003179
true,ES-2014-5666305,FUR-ELD-10003695
true,ID-2014-11098,FUR-ELD-10003695
true,MX-2014-159800,FUR-ELD-10003843
true,IN-2012-24783,FUR-ELD-10004559
true,US-2012-112004,FUR-ELD-10004973
true,ES-2013-1906012,FUR-ELD-10004973
true,US-2012-104997,FUR-HON-10001015
true,MX-2012-148586,FUR-HON-10003950
true,MX-2011-116218,FUR-LES-10000488
true,ID-2014-64914,FUR-LES-10003082
true,ID-2011-69142,FUR-LES-10004098
true,MX-2014-150868,OFF-ACC-10000102
true,ES-2012-3330001,OFF-ACC-10000307
true,MX-2014-126298,OFF-ACC-10000307
true,IN-2013-15466,OFF-ACC-10001028
true,US-2012-106551,OFF-ACC-10001703
true,ES-2014-4598380,OFF-ACC-10001703
true,MX-2012-136042,OFF-ACC-10001993
true,IN-2014-44012,OFF-ACC-10001993
true,MX-2013-101455,OFF-ACC-10002772
true,ES-2012-1363320,OFF-ACC-10002772
true,IN-2012-68911,OFF-ACC-10002834
true,MX-2011-138716,OFF-ACC-10002849
true,ES-2014-2905780,OFF-ACC-10003265
true,ES-2014-1182889,OFF-ACC-10003636
true,US-2011-104535,OFF-ACC-10003745
true,ES-2012-5365524,OFF-ACC-10003806
true,ES-2013-1268416,OFF-ACC-10003806
true,IN-2012-64116,OFF-ACC-10003925
true,IN-2012-56178,OFF-ACC-10004182
true,IN-2011-23712,OFF-ACC-10004281
true,MX-2012-133480,OFF-ACC-10004281
true,ES-2014-5710826,OFF-ACC-10004538
true,MX-2013-168137,OFF-ACC-10004538
true,MX-2011-131688,OFF-ACC-10004538
true,ES-2013-3446925,OFF-ACC-10004538
true,IN-2014-41093,OFF-ACC-10004692
true,IN-2013-22298,OFF-ACC-10004713
true,ID-2013-83975,OFF-ACC-10004782
true,ES-2014-5900887,OFF-ACC-10004871
true,IN-2014-21059,OFF-ACC-10004910
true,MX-2014-155740,OFF-ACM-10000277
true,ES-2011-1228490,OFF-ACM-10000777
true,MX-2013-153920,OFF-ACM-10000777
true,US-2013-150980,OFF-ACM-10001704
true,MX-2013-111010,OFF-ACM-10002045
true,MX-2011-115490,OFF-ACM-10002045
true,US-2012-108917,OFF-ACM-10002301
true,ES-2014-4856325,OFF-ACM-10002816
true,MX-2014-154480,OFF-ACM-10003278
true,ES-2012-4804562,OFF-ACM-10003978
true,MX-2013-133074,OFF-ACM-10004895
true,US-2013-163223,OFF-ADV-10000213
true,MX-2011-136602,OFF-ADV-10000213
true,MX-2014-147599,OFF-ADV-10000308
true,IN-2012-78067,OFF-ADV-10000331
true,IT-2011-1521406,OFF-ADV-10000331
true,US-2013-158190,OFF-ADV-10000331
true,MX-2013-110149,OFF-ADV-10003369
true,IN-2014-62366,OFF-ADV-10004241
true,MX-2012-115070,OFF-ADV-10004274
true,IN-2013-35087,OFF-ADV-10004598
true,IN-2014-72747,OFF-ADV-10004875
true,MX-2012-161452,OFF-ADV-10004875
true,MX-2013-145107,OFF-AME-10000360
true,MX-2012-148180,OFF-AME-10000870
true,IN-2011-60196,OFF-AME-10001179
true,IN-2011-72502,OFF-AME-10001179
true,ES-2011-3028321,OFF-AME-10001587
true,MX-2014-162355,OFF-AME-10001587
true,ES-2014-5830221,OFF-AME-10002081
true,MX-2013-168739,OFF-AME-10002081
true,IN-2012-41415,OFF-AME-10002557
true,MX-2012-128363,OFF-AME-10002557
true,MX-2013-137155,OFF-AME-10002652
true,ID-2012-32350,OFF-AME-10002956
true,MX-2013-146073,OFF-AME-10002956
true,IN-2013-40218,OFF-AME-10003089
true,IN-2013-55135,OFF-AME-10004651
true,ES-2011-3074997,OFF-AVE-10000110
true,MX-2014-104122,OFF-AVE-10000418
true,IN-2012-31944,OFF-AVE-10000432
true,ES-2014-5706764,OFF-AVE-10000543
true,MX-2014-156615,OFF-AVE-10000894
true,MX-2014-135867,OFF-AVE-10000909
true,IN-2014-64347,OFF-AVE-10000909
true,IN-2014-61260,OFF-AVE-10000909
true,MX-2014-100895,OFF-AVE-10002311
true,ES-2013-4972434,OFF-AVE-10003279
true,IN-2012-12477,OFF-AVE-10003465
true,ES-2011-3106999,OFF-AVE-10003465
true,MX-2012-124975,OFF-AVE-10003549
true,ES-2012-1295099,OFF-AVE-10004148
true,IN-2011-73055,OFF-AVE-10004148
true,MX-2014-131268,OFF-AVE-10004159
true,IN-2014-46665,OFF-AVE-10004251
true,ES-2013-4190886,OFF-AVE-10004251
true,ES-2014-5166372,OFF-AVE-10004308
true,IN-2013-42192,OFF-AVE-10004512
true,ES-2012-5845607,OFF-AVE-10004536
true,MX-2012-143175,OFF-AVE-10004536
true,IN-2014-47848,OFF-AVE-10004732
true,MX-2011-124688,OFF-AVE-10004827
true,IN-2014-37712,OFF-AVE-10004909
true,MX-2013-131142,OFF-CAM-10001177
true,IN-2014-75470,OFF-CAM-10002611
true,MX-2011-155159,OFF-CAM-10002611
true,ES-2014-5297792,OFF-CAM-10004269
true,ES-2012-5757351,OFF-EAT-10000652
true,MX-2011-144827,OFF-EAT-10001137
true,IN-2011-13492,OFF-EAT-10001933
true,MX-2013-109771,OFF-EAT-10002674
true,ID-2013-85074,OFF-EAT-10002789
true,IN-2014-52384,OFF-EAT-10004908
true,ES-2012-1484906,OFF-ELD-10000124
true,IN-2013-51243,OFF-ELD-10000124
true,MX-2011-101518,OFF-ELD-10000151
true,MX-2013-159114,OFF-ELD-10000845
true,ES-2013-1341762,OFF-ELD-10001318
true,ID-2013-60637,OFF-ELD-10001832
true,IN-2014-37033,OFF-ELD-10001882
true,IN-2012-36788,OFF-ELD-10002279
true,IN-2014-23929,OFF-ELD-10002279
true,IT-2014-3941500,OFF-ELD-10002297
true,IT-2014-1725451,OFF-ELD-10002297
true,IN-2014-72278,OFF-ELD-10002578
true,MX-2012-143826,OFF-ELD-10004324
true,IT-2012-3746228,OFF-ELD-10004324
true,ID-2011-77619,OFF-ELI-10000044
true,US-2014-136679,OFF-ELI-10000044
true,US-2014-136679,OFF-ELI-10000044
true,MX-2014-161578,OFF-ELI-10000443
true,MX-2013-157007,OFF-ELI-10000711
true,MX-2011-145870,OFF-ELI-10000797
true,MX-2013-119879,OFF-ELI-10001057
true,IN-2011-24069,OFF-ELI-10001057
true,US-2013-164077,OFF-ELI-10001176
true,ES-2013-5246295,OFF-ELI-10001176
true,ES-2014-5060319,OFF-ELI-10001351
true,IN-2013-19071,OFF-ELI-10001705
true,ID-2012-57193,OFF-ELI-10001812
true,IN-2012-73216,OFF-ELI-10002337
true,ES-2013-5623189,OFF-ELI-10003004
true,IN-2014-31356,OFF-ELI-10003004
true,IN-2014-24531,OFF-ELI-10003179
true,ID-2011-20604,OFF-ELI-10003732
true,MX-2014-106978,OFF-ELI-10003911
true,ES-2013-5746149,OFF-ENE-10000516
true,IN-2012-39889,OFF-ENE-10001117
true,ES-2014-4295205,OFF-ENE-10002104
true,MX-2012-154088,OFF-ENE-10003274
true,ES-2013-3508441,OFF-ENE-10003409
true,MX-2012-151904,OFF-ENE-10003549
true,IT-2014-1858881,OFF-ENE-10004132
true,IN-2011-12806,OFF-ENE-10004377
true,ES-2013-4441922,OFF-FEL-10001343
true,MX-2012-152905,OFF-FEL-10001405
true,IN-2013-17041,OFF-FEL-10001541
true,ES-2014-5389384,OFF-FEL-10001630
true,ID-2012-70857,OFF-FEL-10001792
true,ID-2011-17286,OFF-FEL-10001865
true,MX-2014-142601,OFF-FEL-10002158
true,ES-2011-3305419,OFF-FEL-10002158
true,ES-2013-2745392,OFF-FEL-10002158
true,MX-2014-166814,OFF-FEL-10002399
true,US-2011-156034,OFF-FEL-10002658
true,ES-2012-5466966,OFF-FEL-10002837
true,IN-2012-68897,OFF-FEL-10002867
true,MX-2012-134446,OFF-FEL-10002897
true,IN-2014-39931,OFF-FEL-10002897
true,MX-2013-152814,OFF-FEL-10003848
true,IN-2013-68449,OFF-FEL-10004016
true,IN-2014-15011,OFF-FEL-10004224
true,ES-2014-2280822,OFF-FEL-10004974
true,ES-2014-5444511,OFF-FIS-10002661
true,ID-2013-59566,OFF-FIS-10002759
true,ES-2013-4487295,OFF-FIS-10002949
true,MX-2014-139367,OFF-FIS-10003234
true,ES-2014-1637041,OFF-FIS-10004882
true,ID-2011-64599,OFF-FIS-10004915
true,ES-2014-4385660,OFF-FIS-10004915
true,MX-2012-133942,OFF-GRE-10000320
true,ES-2013-5616549,OFF-GRE-10000328
true,MX-2011-133564,OFF-GRE-10000492
true,IN-2013-56689,OFF-GRE-10001521
true,IN-2011-86642,OFF-GRE-10002109
true,IN-2013-48807,OFF-GRE-10002109
true,MX-2014-165078,OFF-GRE-10003334
true,MX-2013-116946,OFF-GRE-10003334
true,IN-2011-54533,OFF-GRE-10003943
true,ES-2013-2310454,OFF-HAR-10000501
true,ES-2013-4790317,OFF-HAR-10000681
true,ES-2012-3715659,OFF-HAR-10001262
true,ES-2013-2003988,OFF-HAR-10001855
true,ES-2012-4379168,OFF-HAR-10001913
true,MX-2011-108560,OFF-HAR-10001948
true,MX-2013-111388,OFF-HAR-10003580
true,ES-2014-4387160,OFF-HAR-10004099
true,IN-2013-14437,OFF-HAR-10004896
true,MX-2013-107167,OFF-HON-10000966
true,ES-2011-5464858,OFF-HON-10001102
true,IN-2014-49402,OFF-HON-10001102
true,IN-2012-24132,OFF-HON-10001204
true,MX-2014-139591,OFF-HON-10001508
true,IN-2011-60560,OFF-HON-10001508
true,MX-2014-114783,OFF-HON-10001706
true,US-2011-165316,OFF-HON-10001783
true,MX-2013-133690,OFF-HON-10004014
true,MX-2012-149461,OFF-HON-10004800
true,IN-2014-77339,OFF-KLE-10000296
true,ES-2012-5566923,OFF-KLE-10000466
true,ES-2013-1610512,OFF-KLE-10000466
true,ES-2014-1006842,OFF-KLE-10000527
true,IN-2013-18497,OFF-KLE-10002869
true,IN-2013-70990,OFF-KLE-10003227
true,ID-2013-79117,OFF-KLE-10004543
true,MX-2013-169495,OFF-KLE-10004581
true,IN-2014-38356,OFF-ROG-10000191
true,IT-2014-4920177,OFF-ROG-10000191
true,ID-2011-57718,OFF-ROG-10000332
true,MX-2014-120607,OFF-ROG-10000332
true,IN-2014-32091,OFF-ROG-10000332
true,MX-2013-115434,OFF-ROG-10001340
true,ES-2011-5389664,OFF-ROG-10001418
true,IN-2014-27863,OFF-ROG-10001735
true,ID-2012-85095,OFF-ROG-10001735
true,IN-2012-67791,OFF-ROG-10002294
true,MX-2013-129588,OFF-ROG-10002866
true,IT-2014-3831682,OFF-ROG-10003733
true,IN-2014-35395,OFF-ROG-10004393
true,ID-2013-13562,OFF-SME-10000335
true,MX-2011-119977,OFF-SME-10000880
true,IN-2011-36179,OFF-SME-10001652
true,IN-2011-50613,OFF-SME-10001652
true,ES-2012-4829315,OFF-SME-10001745
true,ES-2014-3609825,OFF-SME-10001761
true,IN-2013-19645,OFF-SME-10002417
true,ES-2014-4963892,OFF-SME-10003033
true,MX-2012-160612,OFF-SME-10003134
true,ID-2013-64970,OFF-SME-10004160
true,MX-2013-148628,OFF-SME-10004247
true,IT-2014-2068457,OFF-SME-10004370
true,ES-2014-5296123,OFF-SME-10004553
true,US-2012-154550,OFF-SME-10004553
true,IN-2014-73972,OFF-SME-10004702
true,MX-2012-101854,OFF-SME-10004702
true,IN-2013-17699,OFF-STI-10000144
true,MX-2014-126165,OFF-STI-10000144
true,MX-2011-142545,OFF-STI-10000144
true,MX-2011-168662,OFF-STI-10001162
true,MX-2014-102995,OFF-STI-10001162
true,MX-2013-152912,OFF-STI-10001651
true,ES-2012-3471401,OFF-STI-10001743
true,MX-2013-136224,OFF-STI-10001955
true,ES-2014-4790238,OFF-STI-10002040
true,US-2014-161830,OFF-STI-10002040
true,MX-2011-122735,OFF-STI-10002262
true,ID-2014-15186,TEC-APP-10000308
true,US-2013-151841,TEC-APP-10000530
true,MX-2013-115630,TEC-APP-10001732
true,IN-2012-81812,TEC-APP-10001965
true,IT-2011-3468929,TEC-APP-10002321
true,IT-2011-1646767,TEC-APP-10003588
true,ES-2012-3362320,TEC-APP-10004584
true,ES-2013-1706935,TEC-APP-10004657
true,IN-2013-77878,TEC-BRO-10000381
true,US-2013-108049,TEC-BRO-10000663
true,MX-2014-112585,TEC-BRO-10003555
true,MX-2014-167493,TEC-BRO-10003986
true,IN-2011-11889,TEC-CAN-10000030
true,ID-2011-23593,TEC-CAN-10001853
true,IT-2014-4499061,TEC-CAN-10001853
true,ID-2013-22025,TEC-CAN-10001981
true,IN-2014-79593,TEC-CAN-10002337
true,MX-2013-131247,TEC-CAN-10002802
true,ES-2014-2439745,TEC-CAN-10002802
true,MX-2014-114601,TEC-CAN-10004166
true,US-2014-122672,TEC-CAN-10004214
true,MX-2014-167115,TEC-CIS-10000791
true,US-2011-149069,TEC-CIS-10001767
true,ES-2014-2769035,TEC-CIS-10002153
true,MX-2013-110933,TEC-CIS-10002565
true,MX-2012-111430,TEC-CIS-10002598
true,MX-2014-132927,TEC-CIS-10002986
true,ES-2011-2417338,TEC-EPS-10001651
true,ES-2012-5745179,TEC-EPS-10002523
true,ES-2014-2299862,TEC-EPS-10003277
true,MX-2013-139948,TEC-KON-10000005
true,IN-2011-56451,TEC-KON-10001017
true,ES-2012-1986848,TEC-KON-10001624
true,ES-2012-5207465,TEC-KON-10002482
true,ES-2014-5438886,TEC-KON-10004519
true,ES-2014-1325616,TEC-MOT-10000939
true,IT-2013-3876077,TEC-MOT-10001088
true,ID-2012-16257,TEC-MOT-10001178
true,US-2011-132899,TEC-MOT-10001244
true,IN-2013-12736,TEC-MOT-10001927
true,MX-2014-125661,TEC-MOT-10001950
true,IT-2012-3091951,TEC-MOT-10002260
true,IN-2012-28024,TEC-MOT-10002372
true,ES-2014-2697033,TEC-MOT-10002560
true,US-2014-142706,TEC-MOT-10002689
true,MX-2012-129560,TEC-MOT-10003050
true,IN-2011-17594,TEC-MOT-10003050
true,MX-2012-164777,TEC-NOK-10001058
true,IN-2012-17783,TEC-NOK-10001219
true,IN-2012-16572,TEC-NOK-10001219
true,ID-2011-65124,TEC-NOK-10001283
true,IN-2011-56486,TEC-NOK-10001844
true,IN-2011-10419,TEC-NOK-10002716
true,MX-2014-142244,TEC-NOK-10004183